model,weight,vesa_size,screw_size
32GR75Q,5.7kg,100*100,
27GQ50F,3.25kg,100*100,
27GR95QL,5.05kg,100*100,
27GP83B,4.2kg,100*100,
32GP83B,4.8kg,100*100,
27GR93U,4.5kg,100*100,
32GR93U,6kg,100*100,
32GN50R,5.2kg,100*100,
27GP850,4.2kg,100*100,
24GN60R,3.5kg,100*100,
25GR75FG,4.1kg,100*100,
27GN60R,5.1kg,100*100,
27GR95QE,5.05kg,100*100,
24GN60K,3.5kg,100*100,
32GN55R,5.1kg,100*100,
32GQ950,9.3kg,100*100,
32GQ850L,5.9kg,100*100,
27GP830,4.2kg,100*100,
48GQ900,15.5kg,100*100,
32GP850,4.8kg,100*100,
27GP750,3.9kg,100*100,
32GN650,5.1kg,100*100,
34GN850,5.5kg,100*100,
27GN60K,5.1kg,100*100,
27GR75Q,4.05kg,100*100,
27GN65R,5.1kg,100*100,
24GN65R,3.4kg,100*100,
32SR83U,5.5kg,100*100,
32SR70U,7kg,100*100,
32SR50F,5.4kg,100*100,
32SQ750S,7.1kg,100*100,
32SQ730SW,7.2kg,100*100,
27LQ600SW,5.7kg,75*75,
43SQ700SW,10.9kg,100*100,
27TQ600SY,5.7kg,75*75,
27SR50F,4.4kg,100*100,
27TQ600SW,5.7kg,75*75,
32UP830,6.5kg,100*100,
27UQ750,4kg,100*100,
32UP550N,6.7kg,100*100,
27UP550N,4.4kg,100*100,
27UP650,3.8kg,100*100,
32UN880,6.5kg,100*100,
32UN500,6.7kg,100*100,
27UP850N,4.1kg,100*100,
32UN550,6.7kg,100*100,
32UQ850W,5kg,100*100,
27UQ850V,4.1kg,100*100,
32UQ850V,5.3kg,100*100,
29WQ500,4kg,100*100,
29WP500,4kg,100*100,
29WQ600,4kg,100*100,
34WQ650W,6kg,100*100,
34WP500,4.94kg,100*100,
34WN780,6.9kg,100*100,
34WP550,4.94kg,100*100,
34WN750,6.9kg,100*100,
34WQ500,6kg,100*100,
24MR400,2.6kg,100*100,
27MQ400,3.1kg,75*75,
24MQ400,2.3kg,75*75,
43MQ520S,8kg,200*200,
32MN600P,6.2kg,100*100,
27TQ625SW,3.5kg,75*75,
24MP400W,2.3kg,75*75,
28MQ780,4.3kg,100*100,
27TQ615SP,3.5kg,75*75,
24TQ510SW,3.25kg,75*75,
32MN500MW,5.1kg,100*100,
24ML600SW,2.75kg,75*75,
24QP500,3.4kg,100*100,
32MN500M,5.1kg,100*100,
24MN430HW,3kg,75*75,
32QN600,6.3kg,100*100,
27MP500W,3.8kg,75*75,
24BK550YW,3.6kg,100*100,
24TQ520SW,3.25kg,75*75,
24TQ510SP,3.25kg,75*75,
27MP500,3.8kg,75*75,
27MP400W,3.1kg,75*75,
24MP400,2.3kg,75*75,
32MQ510SW,5.2kg,100*100,
22MP410,2.2kg,75*75,
32QN650,6.3kg,100*100,
24MK600M,2.8kg,75*75,
27QN600,4.75kg,100*100,
32MN600PW,6.2kg,100*100,
32MQ510S,5.2kg,100*100,
27BQ70QC,6kg,cs,
24MP500,2.7kg,75*75,
22MR410,2.05kg,100*100,
27MR400,3.3kg,100*100,
24MQ400C,2.3kg,75*75,
27MQ400C,3.1kg,75*75,
24MK430H,3kg,75*75,
OLED97M3KNA,57.5kg,600*400,
OLED88Z3KNA,43.5kg,cs,
OLED77Z3KNA,43.9kg,400*400,
OLED42C3ENA,9.8kg,300*200,
OLED42C2KNB,9.8kg,300*200,
OLED55C3FNA,14.1kg,300*200,
OLED42C3KNA,9.8kg,300*200,
OLED77A3SNA,22.9kg,300*200,
OLED77C3SNA,23.5kg,300*200,
OLED83C3KNA,32.3kg,400*400,
OLED65G3KNA,23.9kg,300*300,
OLED83C3QNA,32.3kg,400*400,
OLED48C3KNA,14.9kg,300*200,
OLED48C3ENA,14.9kg,300*200,
OLED55C3SNA,14.1kg,300*200,
OLED65A3ENA,17.1kg,300*200,
OLED55B3NNA,18.9kg,300*200,
OLED65B3SNA,24kg,300*200,
OLED77B3SNA,26.7kg,400*200,
OLED65B3NNA,24kg,300*200,
OLED65A3SNA,17.1kg,300*200,
OLED55A3ENA,14.3kg,300*200,
OLED55A3KNA,14.3kg,300*200,
48LX1QKNA,17.2kg,300*200,
55LX1QKNA,21kg,300*200,
OLED77M3KNA,36.5kg,300*200,
OLED83M3KNA,40.2kg,400*400,
OLED48A3KNA,11.5kg,300*200,
OLED55A2KNA,14.3kg,300*200,
OLED65B2ENA,24kg,300*200,
OLED77B3XNA,26.7kg,400*200,
OLED77C3XNA,23.5kg,300*200,
OLED55B3FNA,18.9kg,300*200,
OLED77G3KNA,36.8kg,300*300,
OLED83G3KNA,40.9kg,400*400,
OLED55G3KNA,17.8kg,300*200,
42LX3QKNA,22.6kg,cs,
OLED97G2KNA,57kg,600*400,
OLED65C3FNA,16.6kg,300*200,
OLED55C2FNA,14.1kg,300*200,
OLED65C3SNA,16.6kg,300*200,
55LX1QKNC,21kg,cs,
OLED77A3MNA,22.9kg,300*200,
OLED77A3ENA,22.9kg,300*200,
OLED65B3FNA,24kg,300*200,
OLED77B3NNA,26.7kg,400*200,
OLED42C3CNA,9.8kg,300*200,
OLED65A3MNA,17.1kg,300*200,
OLED77C3QNA,23.5kg,300*200,
OLED65C3QNA,16.6kg,300*200,
OLED77C3FNA,23.5kg,300*200,
OLED65B2QNA,24kg,300*200,
OLED65A2NNA,17.1kg,cs,
OLED48A2ENA,11.5kg,300*200,
OLED55A2ENA,14.3kg,cs,
OLED77A2ENA,22.9kg,cs,
OLED83C2QNA,32.3kg,cs,
OLED42C2ENA,9.8kg,cs,
OLED65A2MNA,17.1kg,300*200,
OLED65A2KNA,17.1kg,cs,
OLED65RXKNA,91kg,novesa,
65QNED80KRA,22.5kg,300*300,
75QNED85KRA,41.9kg,400*400,
65QNED70NRA,24.5kg,300*300,
65QNED75KRA,24.5kg,300*300,
75QNED70NRA,35.9kg,400*400,
75QNED70ERA,35.9kg,400*400,
75QNED7SKQA,35.9kg,400*400,
75QNED80KRA,33kg,400*300,
86QNED80KRA,54.5kg,600*400,
86QNED85KRA,59.1kg,600*400,
75QNED75FRA,35.9kg,400*400,
55QNED75KRA,16.3kg,300*300,
86NANO75KQA,45.2kg,cs,
75NANO75KQA,31.4kg,cs,
75UR8300ENA,31.4kg,400*400,
75UR8300NNA,31.4kg,400*400,
43UR8300ENA,8.8kg,200*200,
50UR8300ENA,11.7kg,200*200,
50UR8250KNA,11.7kg,200*200,
75UR9300KNA,33kg,400*300,
86UR9300KNA,45.2kg,600*400,
65UR9300KNA,23.6kg,300*300,
43UR9300KNA,9.3kg,200*200,
55UR9300KNA,15kg,300*300,
50UR9300KNA,13kg,200*200,
43UR93RC0NA,9.3kg,200*200,
65UR8300ENA,21.4kg,300*300,
65UR8300NNA,21.4kg,300*300,
70UR8300ENA,27.7kg,400*400,
86UQ8300ENA,45.2kg,600*400,
75UQ9300KNA,31.4kg,400*400,
65UQ9300KNA,21.5kg,300*300,
86UQ9300KNA,45.2kg,600*400,
55UQ9300KNA,14kg,300*300,
55UR8300ENA,14kg,300*300,
75UQ8300ENA,31.4kg,400*400,
75UQ8300QNA,31.4kg,400*400,
43UQ93RC0NA,8.8kg,200*200,
75UQ931C0NA,31.4kg,400*400,
65UQ931C0NA,21.5kg,300*300,
43UQ8300ENF,8.8kg,200*200,
65UQ8300ENF,21.5kg,300*300,
55UQ8300ENF,14kg,300*300,
"75UQ8300NNA
",31.4kg,400*400,
43LM6350KNA,cs,cs,
32LQ635BENA,4.65kg,cs,
32LQ635BKNA,4.65kg,cs,
32LQ635BCNA,4.65kg,cs,
32LM580BEND,4.85kg,cs,
OLED65B3NWC,24kg,300*200,
OLED65G3KWC,23.9kg,300*300,
OLED55A3EWC,14.3kg,300*200,
OLED55A3ESC,14.3kg,300*200,
OLED65G3KSC,23.9kg,300*300,
OLED65B3NSC,24kg,300*200,
OLED55A2KSC,14.3kg,300*200,
OLED55A2KWC,14.3kg,300*200,
50UR8250KSASP2,11.7kg,200*200,
50UR8250KWASP2,11.7kg,200*200,
OLED65B3NWASP2,24kg,300*200,
OLED55A3ESASP2,14.3kg,300*200,
65UR9300KSASP2,23.6kg,300*300,
75UR9300KWASP2,33kg,400*300,
86UR9300KSASP2,45.2kg,600*400,
86UR9300KWASP2,45.2kg,600*400,
55UR9300KSASP2,15kg,300*300,
OLED65B3NSASP2,24kg,300*200,
OLED83C3KSAS80QR,32.3kg,400*400,
75UR9300KSASP2,33kg,400*300,
OLED83C3KWAS80QR,32.3kg,400*400,
OLED55C3SSASC9S,14.1kg,300*200,
OLED65B3SWASP2,24kg,300*200,
OLED83C3QSAS80QR,32.3kg,400*400,
OLED48C3ESAS80QR,14.9kg,300*200,
OLED77C3SWASC9S,23.5kg,300*200,
OLED55A3KSASP2,14.3kg,300*200,
OLED77C3SSASC9S,23.5kg,300*200,
OLED83C3QWAS80QR,32.3kg,400*400,
55UR9300KWASP2,15kg,300*300,
65UR9300KWASP2,23.6kg,300*300,
OLED55A3KWASP2,14.3kg,300*200,
"OLED48C3EWAS80QR
",14.9kg,300*200,
OLED55A3EWASP2,14.3kg,300*200,
OLED55C3SWASC9S,14.1kg,300*200,
OLED55A2KWMAKRG,14.3kg,300*200,
OLED65B2EWGAKRG,24kg,300*200,
75QNED70NRFAKRG,35.9kg,400*400,
OLED77C3SWMAKRG,23.5kg,300*200,
OLED55A3ESMAKRG,14.3kg,300*200,
OLED65G3KSMAKRG,23.9kg,300*300,
75UQ9300KWASP2,31.4kg,400*400,
75UQ9300KSASP2,31.4kg,400*400,
OLED55A2KSASP2,14.3kg,300*200,
OLED55A2KWASP2,14.3kg,300*200,
75QNED70NREAKRG,35.9kg,400*400,
75QNED70NRMAKRG,35.9kg,400*400,
75QNED70NRGAKRG,35.9kg,400*400,
OLED55A2KWGAKRG,14.3kg,300*200,
OLED55A2KSMAKRG,14.3kg,300*200,
OLED55A2KSGAKRG,14.3kg,300*200,
OLED55A3EWMAKRG,14.3kg,300*200,
OLED65B3NWMAKRG,24kg,300*200,
OLED65B2EWMAKRG,24kg,300*200,
OLED55B2EWMAKRG,18.9kg,cs,
OLED55A3EWGAKRG,14.3kg,300*200,
OLED65B3NWGAKRG,24kg,300*200,
OLED55B2EWGAKRG,18.9kg,cs,
OLED65B2ESMAKRG,24kg,300*200,
OLED65B3NSMAKRG,24kg,300*200,
OLED55B2ESMAKRG,18.9kg,cs,
OLED55A3ESGAKRG,14.3kg,300*200,
OLED65B2ESGAKRG,24kg,300*200,
OLED65B3NSGAKRG,24kg,300*200,
OLED55B2ESGAKRG,18.9kg,cs,
OLED65G3KLMAKRG,23.9kg,300*300,
OLED65G3KWMAKRG,23.9kg,300*300,
OLED77C3SWGAKRG,23.5kg,300*200,
OLED65G3KLGAKRG,23.9kg,300*300,
OLED65G3KWGAKRG,23.9kg,300*300,
OLED65G3KSGAKRG,23.9kg,300*300,
OLED77C3SSMAKRG,23.5kg,300*200,
OLED77C3SSGAKRG,23.5kg,300*200,
OLED77G3KWC,36.8kg,300*300,
OLED77G3KSC,36.8kg,300*300,
50UR8300ESASP2,11.7kg,200*200,
50UR8300EWASP2,11.7kg,200*200,
OLED55B3NWC,18.9kg,300*200,
OLED55B3NSC,18.9kg,300*200,
OLED65C3SWC,16.6kg,300*200,
OLED65C3SSC,16.6kg,300*200,
OLED77B3NWC,26.7kg,400*200,
OLED77B3NSC,26.7kg,400*200,
OLED55G3KWC,17.8kg,300*200,
OLED55G3KSC,17.8kg,300*200,
OLED65A2NSC,17.1kg,cs,
OLED65A2NWC,17.1kg,cs,
OLED55B3NWASP2,18.9kg,300*200,
OLED55B3NSASP2,18.9kg,300*200,
OLED65C3SWASC9S,16.6kg,300*200,
OLED65C3SSASC9S,16.6kg,300*200,
75QNED70ERFAKRG,35.9kg,400*400,
75QNED70EREAKRG,35.9kg,400*400,
75QNED70ERMAKRG,35.9kg,400*400,
75QNED70ERGAKRG,35.9kg,400*400,
OLED55B3NWMAKRG,18.9kg,300*200,
OLED55B3NWGAKRG,18.9kg,300*200,
OLED55B3NSMAKRG,18.9kg,300*200,
OLED55B3NSGAKRG,18.9kg,300*200,
OLED48A3KWASP2,11.5kg,300*200,
OLED48A3KSASP2,11.5kg,300*200,
55UQ9300KWASP2,14kg,300*300,
65UQ9300KWASP2,21.5kg,300*300,
55UQ9300KSASP2,14kg,300*300,
65UQ9300KSASP2,21.5kg,300*300,
65UQ8300ESASP2,21.5kg,300*300,
65UQ8300EWASP2,21.5kg,300*300,
86UQ9300KWASP2,45.2kg,cs,
86UQ9300KSASP2,45.2kg,cs,
OLED48A2EWASP2,11.5kg,300*200,
OLED48A2ESASP2,11.5kg,300*200,
75UQ8300QWASP2,31.4kg,400*400,
75UQ8300QSASP2,31.4kg,400*400,
55UQ8300EWASP2,14kg,300*300,
OLED65A2NWASP2,17.1kg,cs,
OLED55A2EWASP2,14.3kg,cs,
OLED55A2ESASP2,14.3kg,cs,
75UQ8300NWASP2,31.4kg,400*400,
55UQ8300ESASP2,14kg,300*300,
OLED65A2NSASP2,17.1kg,cs,
75UQ8300NSASP2,31.4kg,400*400,
KQ98QC80AFXKR,56.3kg,600*400,
KQ98QC80-W1,56.3kg,600*400,
KQ98QNA90AFXKR,64.1kg,600*400,
KQ98QNC990-97,68kg,600*400,
KQ98QNC990FXKR,68kg,600*400,
KQ98QNC990-W1,68kg,600*400,
KQ98QNA90-SP,61.4kg,600*400,
KQ98QC80-50W,56.3kg,600*400,
KQ98QNB100FXKR,68.6kg,600*400,
KQ85QCE1AFXKR,41.5kg,600*400,M8 11~13
KQ85QCE1-W2N,41.5kg,600*400,M8 11~13
KQ85QCE1-W2,41.5kg,600*400,M8 11~13
KQ85QCE1-5,41.5kg,600*400,M8 11~13
KQ85QCE1-W2N5,41.5kg,600*400,M8 11~13
KU85UA7000FXKR,40.2kg,600*400,
KU85UA7000-W3,40.2kg,600*400,
KU85UA7000B5,40.2kg,600*400,
KU85UA7000W3B5,40.2kg,600*400,
KQ85QNC83AFXKR,42.7kg,600*400,M8 11~13
KQ85QNC83-W2N,42.7kg,600*400,M8 11~13
KQ85QNC83-W2,42.7kg,600*400,M8 11~13
KQ85QNC83-W2N8,42.7kg,600*400,M8 11~13
KQ85QNC83-8,42.7kg,600*400,M8 11~13
KQ85QNC83-W18,42.7kg,600*400,M8 11~13
KQ85QNC83-N18,42.7kg,600*400,M8 11~13
KQ85QNC83-W28,42.7kg,600*400,M8 11~13
KQ83SC90AEXKR,38kg,400*300,M8 28~30
KQ83SC90-W1N,38kg,400*300,M8 28~30
KQ83SC90-W1,38kg,400*300,M8 28~30
KQ85QC70AFXKR,43.8kg,600*400,M8 11~13
KQ85QC70-W2,43.8kg,600*400,M8 11~13
KQ85QC80AFXKR,41.5kg,600*400,M8 16~18
KQ85QC80-W2,41.5kg,600*400,M8 16~18
KQ85QNC95AFXKR,41.4kg,600*400,M8 5~6
KQ85QNC95-W2,41.4kg,600*400,M8 5~6
KQ85QD60AFXKR,41.5kg,600*400,M8 11~13
KQ85QNC85AFXKR,42.7kg,600*400,M8 11~13
KQ85QNC85-W2,42.7kg,600*400,M8 11~13
KQ85QNC900FXKR,43.7kg,600*400,M8 5~6
KQ85QNC900-W2,43.7kg,600*400,M8 5~6
KQ85QC83AFXKR,41.3kg,600*400,M8 16~18
KQ85QC68-FGC,41.5kg,600*400,M8 11~13
KQ85QC68-FGCW,41.5kg,600*400,M8 11~13
KQ85QC70-FVGC,43.8kg,600*400,M8 11~13
KQ85QC70-FVGCW,43.8kg,600*400,M8 11~13
KQ85QCE1-4,41.5kg,600*400,M8 11~13
KQ85QCE1-W24,41.5kg,600*400,M8 11~13
KQ85QC75AFXKR,43.8kg,600*400,M8 11~13
KQ85QC75-W1,43.8kg,600*400,M8 11~13
KQ85QB67-W2B5,41.5kg,600*400,M8 11~13
KQ85QNC800-W18,43.7kg,600*400,M8 5~6
KQ85QNC800-W28,43.7kg,600*400,M8 5~6
KQ85QC68AFXKR,41.5kg,600*400,M8 11~13
KQ85QC70-W14,43.8kg,600*400,M8 11~13
KQ85QC70-N14,43.8kg,600*400,M8 11~13
KQ85QC70-W24,43.8kg,600*400,M8 11~13
KU85UC8000-B6,41.5kg,600*400,M8 11~13
KU85UC8070-4,41.5kg,600*400,M8 11~13
KU85UC8070-W24,41.5kg,600*400,M8 11~13
KQ85QNC85-F9,42.7kg,600*400,M8 11~13
KQ85QNC85-FW9,42.7kg,600*400,M8 11~13
KQ85QC67AFXKR,41.5kg,600*400,M8 11~13
KU85UC7030FXKR,40.2kg,600*400,M8 20~22
KU85UC7050FXKR,40.2kg,600*400,M8 20~22
KQ85QNC800FXKR,43.7kg,600*400,M8 5~6
KQ85QNC800-W2,43.7kg,600*400,M8 5~6
KQ85QNC850FXKR,43.7kg,600*400,M8 5~6
KQ85QNA900FXKR,43.1kg,600*400,M8 5~6
KQ85QNA900-W2,43.1kg,600*400,M8 5~6
KQ85QNA800FXKR,43.1kg,600*400,M8 5~6
KQ85QNA800-W2,43.1kg,600*400,M8 5~6
KQ85QNA800-6,43.1kg,600*400,M8 5~6
KQ85QNA800-W26,43.1kg,600*400,M8 5~6
KQ85QNB800FXKR,43.4kg,600*400,M8 5~6
KQ85QNC88AFXKR,42.7kg,600*400,M8 11~13
KQ85QNC88-W2,42.7kg,600*400,M8 11~13
KQ85QNB88AFXKR,42.7kg,600*400,M8 11~13
KQ85QNA85A-S6,44.5kg,600*400,
KQ85QNA85A-W6,44.5kg,600*400,
KQ85QNA90AFXKR,44.5kg,600*400,
KQ85QNA90-W2,44.5kg,600*400,
KQ85QNC90AFXKR,43.5kg,600*400,M8 11~13
KQ85QNC90-W2,43.5kg,600*400,M8 11~13
KQ85QNC83-FF,42.7kg,600*400,M8 11~13
KQ85QNC83-FFW,42.7kg,600*400,M8 11~13
KQ85QNC85-F,42.7kg,600*400,M8 11~13
KQ85QNC85-FW,42.7kg,600*400,M8 11~13
KQ85QNB83AFXKR,42.7kg,600*400,M8 11~13
KQ85QNB83-W2,42.7kg,600*400,M8 11~13
KQ85QNB85-5,42.7kg,600*400,M8 11~13
KQ85QNB85-W25,42.7kg,600*400,M8 11~13
KQ85QNB85AFXKR,42.7kg,600*400,M8 11~13
KQ85QNB90AFXKR,44.5kg,600*400,M8 11~13
KQ85QNB90-W2,44.5kg,600*400,M8 11~13
KQ85QNB95AFXKR,44.5kg,600*400,M8 11~13
KQ85QNB95-W2,44.5kg,600*400,M8 11~13
KQ85QNC83-5,42.7kg,600*400,M8 11~13
KQ85QNC83-W25,42.7kg,600*400,M8 11~13
KQ85QNC85-F7,42.7kg,600*400,M8 11~13
KQ85QNC85-FW7,42.7kg,600*400,M8 11~13
KQ85QB83AFXKR,43.3kg,600*400,M8 25~27
KQ85QB83-W2,43.3kg,600*400,M8 25~27
KQ85QA70-6,43.8kg,600*400,
KQ85QA70-W26,43.8kg,600*400,
KQ85QA70AFXKR,43.8kg,600*400,
KQ85QA70-W2,43.8kg,600*400,
KQ85QA80-6,43.3kg,600*400,
KQ85QA80-W26,43.3kg,600*400,
KQ85QB60AFXKR,41.5kg,600*400,M8 11~13
KQ85QB60-W2,41.5kg,600*400,M8 11~13
KQ82QT800A-W1,41.5kg,novesa,
KQ82QT800A-W2,41.5kg,novesa,
KQ82QT800AFXKR,41.5kg,novesa,
KQ85QT950S-W1,51.8kg,novesa,
KQ85QT950S-W2,51.8kg,novesa,
KQ85QT950SFXKR,51.8kg,novesa,
KQ85QA67AFXKR,41.5kg,600*400,M8 11~13
KQ85QA60-W2,41.5kg,600*400,M8 11~13
KQ85QT80A-S,43.3kg,novesa,
KQ85QT80A-W2,43.3kg,novesa,
KQ85QT65A-S,47.5kg,novesa,
KQ85QT65A-W2,47.5kg,novesa,
KQ85QB70-B5,43.8kg,600*400,M8 11~13
KQ85QB70-W2B5,43.8kg,600*400,M8 11~13
KQ85QT65AFXKR,47.5kg,novesa,
KQ85QT65A-W1,47.5kg,novesa,
KQ85QT67AFXKR,48.7kg,novesa,
KQ85QB65-B5,41.5kg,600*400,M8 11~13
KQ85QB65-W2B5,41.5kg,600*400,M8 11~13
KQ85QB65-SP,41.5kg,600*400,M8 11~13
KQ85QB65-W2SP,41.5kg,600*400,M8 11~13
KQ85QB65AFXKR,41.5kg,600*400,M8 11~13
KQ85QB65-W2,41.5kg,600*400,M8 11~13
KQ85QB67AFXKR,41.5kg,600*400,M8 11~13
KQ85QB67-W2,41.5kg,600*400,M8 11~13
KQ85QC60AFXKR,41.5kg,600*400,M8 11~13
KQ85QC60-W2,41.5kg,600*400,M8 11~13
KQ85QC65AFXKR,41.5kg,600*400,M8 11~13
KQ85QC65-W2,41.5kg,600*400,M8 11~13
KQ85QB70AFXKR,43.8kg,600*400,M8 11~13
KQ85QB70-W2,43.8kg,600*400,M8 11~13
KQ85QB70-5,43.8kg,600*400,M8 11~13
KQ85QB70-W25,43.8kg,600*400,M8 11~13
KQ85QB75-W2,43.8kg,600*400,M8 11~13
KQ85QB80-W2,43.3kg,600*400,M8 25~27
KQ85QC80-5,41.5kg,600*400,M8 16~18
KQ85QC80-W25,41.5kg,600*400,M8 16~18
KQ85QT80AFXKR,43.3kg,novesa,
KQ85QT85AFXKR,43.3kg,novesa,
KQ85QT70AFXKR,47.5kg,novesa,
KQ85QT90AFXKR,49.7kg,novesa,
KU85UC7070FXKR,40.2kg,600*400,M8 20~22
KU85UC7070-W2,40.2kg,600*400,M8 20~22
KU85UC8100FXKR,41.5kg,600*400,M8 11~13
KU85UC8100-W2,41.5kg,600*400,M8 11~13
KU85UB8100-WB5,41.5kg,600*400,M8 11~13
KU85UB8000-WS,41.5kg,600*400,M8 11~13
KU85UA7050-W2,40.2kg,600*400,
KU85UA7050FXKR,40.2kg,600*400,
KU85UA8180-W2,41.5kg,600*400,M8 11~13
KU85UB8070FXKR,41.5kg,600*400,
KU85UB8070-W1,41.5kg,600*400,
KU85UB8070-W2,41.5kg,600*400,
KU85UB8100FXKR,41.5kg,600*400,
KU85UB8100-W1,41.5kg,600*400,
KU85UB8100-W2,41.5kg,600*400,
KU85UB8000-B5,41.5kg,600*400,
KU85UB8000W2B5,41.5kg,600*400,
KU85UB8500FXKR,41.5kg,600*400,
KU85UC8070B5,41.5kg,600*400,M8 11~13
KU85UC8070W25B,41.5kg,600*400,M8 11~13
KU85UC8070FXKR,41.5kg,600*400,M8 11~13
KU85UC8070-W2,41.5kg,600*400,M8 11~13
KU85UC7000FXKR,40.2kg,600*400,M8 20~22
KU85UC7000-W2,40.2kg,600*400,M8 20~22
KU85UC8000FXKR,41.5kg,600*400,M8 11~13
KU85UC8000-W2,41.5kg,600*400,M8 11~13
KU85UC8500FXKR,41.5kg,600*400,M8 11~13
KU85UC8500-W2,41.5kg,600*400,M8 11~13
KU85UB8000FXKR,41.5kg,600*400,
KU85UA7000-W35,40.2kg,600*400,
KQ50QNC90AFXKR,13.5kg,200*200,M8 11~13
KQ50QNC90-W1,13.5kg,200*200,M8 11~13
KQ43QNC90AFXKR,9.4kg,200*200,M8 11~13
KQ43QNC90-W1,9.4kg,200*200,M8 11~13
KQ50QNC90-R-S2,13.5kg,200*200,M8 11~13
KQ43QNC90-R-S2,9.4kg,200*200,M8 11~13
KQ50QNC90-R-W2,13.5kg,200*200,M8 11~13
KQ43QNC90-R-W2,9.4kg,200*200,M8 11~13
KQ43QNA90AFXKR,9.2kg,200*200,M8 11~13
KQ50QNB90AFXKR,9.2kg,200*200,M8 11~13
KQ50QNB90-W1,9.2kg,200*200,M8 11~13
KQ50QNB90-B5,9.2kg,200*200,M8 11~13
KQ50QNB90-W1B5,9.2kg,200*200,M8 11~13
KQ50QNB90-5,9.2kg,200*200,M8 11~13
KQ50QNB90-W15,9.2kg,200*200,M8 11~13
KQ50QNC90-Q,13.5kg,200*200,M8 11~13
KQ50QNC90-W1Q,13.5kg,200*200,M8 11~13
KQ43QNC90-W1Q,9.4kg,200*200,M8 11~13
KQ43QNC90-Q,9.4kg,200*200,M8 11~13
KQ43QB65AFXKR,8.4kg,200*200,M8 11~13
KQ43QB65-W1,8.4kg,200*200,M8 11~13
KQ50QB65AFXKR,11.5kg,200*200,M8 11~13
KQ50QB65-W1,11.5kg,200*200,M8 11~13
KQ50QC80AFXKR,13.6kg,200*200,M8 20~22
KQ50QC80-W1,13.6kg,200*200,M8 20~22
KQ50QC67AFXKR,11.2kg,200*200,M8 11~13
KQ43QC67AFXKR,8.1kg,200*200,M8 11~13
KQ50QC68AFXKR,11.2kg,200*200,M8 11~13
KQ43QC68AFXKR,8.1kg,200*200,M8 11~13
KQ43QB65-5,8.4kg,200*200,M8 11~13
KQ50QA80-W1,13.7kg,200*200,
KQ50QB60AFXKR,11.5kg,200*200,M8 11~13
KQ50QB60-W1,11.5kg,200*200,M8 11~13
KQ43QB60AFXKR,8.4kg,200*200,M8 11~13
KQ43QB60-W1,8.4kg,200*200,M8 11~13
KQ50QB80AFXKR,13.7kg,200*200,M8 26~28
KQ50QB80-W1,13.7kg,200*200,M8 26~28
KQ50QT67A-S,13.1kg,novesa,
KQ50QT67A-W,13.1kg,novesa,
KQ50QC60AFXKR,11.2kg,200*200,M8 11~13
KQ50QC60-W1,11.2kg,200*200,M8 11~13
KQ43QC60-W,8.1kg,200*200,M8 11~13
KQ43QC60AFXKR,8.1kg,200*200,M8 11~13
KQ50QC65AFXKR,11.2kg,200*200,M8 11~13
KQ50QC65-W1,11.2kg,200*200,M8 11~13
KQ43QC65-W1,8.1kg,200*200,M8 11~13
KQ43QC65AFXKR,8.1kg,200*200,M8 11~13
KU43UC7070FXKR,7.7kg,200*200,M8 20~22
KU43UC7070-W1,7.7kg,200*200,M8 20~22
KU50UC7070-W1,10.9kg,200*200,M8 20~22
KU50UC7070FXKR,10.9kg,200*200,M8 20~22
KU50UC7030FXKR,10.9kg,200*200,M8 20~22
KU43UC7030FXKR,10.9kg,200*200,M8 20~22
KU50UA7000FXKR,10.9kg,200*200,
KU50UB8070FXKR,11.5kg,200*200,M8 11~13
KU50UB8070-W1,11.5kg,200*200,M8 11~13
KU43UB8070FXKR,8.4kg,200*200,M8 11~13
KU43UB8070-W1,8.4kg,200*200,M8 11~13
KU50UT8090-S,11.4kg,novesa,
KU50UT8090-W,11.4kg,novesa,
KU50UT8070-W,11.4kg,novesa,
KU50UA7050FXKR,10.9kg,200*200,
KU43UT8050FXKR,8.1kg,novesa,
KU43UT8000-S,8.1kg,novesa,
KU43UT8000FXKR,8.1kg,novesa,
KU50UT8090FXKR,11.4kg,novesa,
KU50UT8000FXKR,11.4kg,novesa,
KU43UC8070FXKR,8.1kg,200*200,M8 11~13
KU43UC8070-W1,8.1kg,200*200,M8 11~13
KU50UC8070FXKR,10.7kg,200*200,M8 11~13
KU50UC8070-W1,10.7kg,200*200,M8 11~13
KU50UB8000FXKR,11.5kg,200*200,M8 11~13
KU50UB8000-W1,11.5kg,200*200,M8 11~13
KU43UB8000-W1,8.4kg,200*200,M8 11~13
KU43UT7000FXKR,8.1kg,novesa,
KU50UT7000FXKR,11.4kg,novesa,
KU50UT8070-S,11.4kg,novesa,
KU50UT8070FXKR,11.4kg,novesa,
KU43UT8050-S,8.1kg,novesa,
KU43UT8000-W,8.1kg,novesa,
KU50UC7000FXKR,10.9kg,200*200,M8 20~22
KU50UC7000-W1,10.9kg,200*200,M8 20~22
KU43UC7000-W1,7.7kg,200*200,M8 20~22
KU43UC7000FXKR,7.7kg,200*200,M8 20~22
KU50UC7050FXKR,10.9kg,200*200,M8 20~22
KU50UC7050-W1,10.9kg,200*200,M8 20~22
KU43UC7050FXKR,7.7kg,200*200,M8 20~22
KU50UC8000FXKR,10.7kg,200*200,M8 11~13
KU50UC8000-W1,10.7kg,200*200,M8 11~13
KU43UC8000-W1,8.1kg,200*200,M8 11~13
KU43UC8000FXKR,8.1kg,200*200,M8 11~13
KU43T5300A-S,8.4kg,novesa,
KU43T5300A-W3,8.4kg,novesa,
UN32N4000AFXKR,3.8kg,novesa,
UN32N4000AF-W,3.8kg,novesa,
UN43N5020AFXKR,8kg,novesa,
KU43T5300A-W,8.4kg,novesa,
KU43T5300AFXKR,8.4kg,novesa,
KQ55QNC95AFXKR,17.8kg,300*200,M8 5~6
KQ55QNC95-W,17.8kg,300*200,M8 5~6
KQ55QNC90AFXKR,17.8kg,300*200,M8 5~6
KQ55QNC90-W1,17.8kg,300*200,M8 5~6
KQ55QNC85AFXKR,17.2kg,200*200,M8 11~13
KQ55QNC85-W1,17.2kg,200*200,M8 11~13
KQ55QNB88AFXKR,17.2kg,200*200,M8 11~13
KQ55QNC83-W16,17.2kg,200*200,M8 11~13
KQ55QNC83-N26,17.2kg,200*200,M8 11~13
KQ55QNC88AFXKR,17.2kg,200*200,M8 11~13
KQ55QNC88-W1,17.2kg,200*200,M8 11~13
KQ55QNA88AFXKR,17.7kg,200*200,M8 11~13
KQ55QNA88-W1,17.7kg,200*200,M8 11~13
KQ55QNA83AFXKR,17.7kg,200*200,M8 11~13
KQ55QNA83-W1,17.7kg,200*200,M8 11~13
KQ55QNB85AFXKR,17.2kg,200*200,M8 11~13
KQ55QNC83AFXKR,17.2kg,200*200,M8 11~13
KQ55QNC83-W1N,17.2kg,200*200,M8 11~13
KQ55QNC83-W1,17.2kg,200*200,M8 11~13
KQ55QNC83-4,17.2kg,200*200,M8 11~13
KQ55QNC83-W1N4,17.2kg,200*200,M8 11~13
KQ55QNC83-W14,17.2kg,200*200,M8 11~13
KQ55QNC83-FF,17.2kg,200*200,M8 11~13
KQ55QNC83-FFW,17.2kg,200*200,M8 11~13
KQ55QNB83AFXKR,17.2kg,200*200,M8 11~13
KQ55QNB95AFXKR,16.1kg,400*300,M8 5~6
KQ55QNB95-W,16.1kg,400*300,M8 5~6
KQ55SC95-B5,13.8kg,400*300,M8 5~6
KQ55SC95-W1NB5,13.8kg,400*300,M8 5~6
KQ55SC95-WB5,13.8kg,400*300,M8 5~6
KQ55SC95AFXKR,13.8kg,400*300,M8 5~6
KQ55SC95-W1NB,13.8kg,400*300,M8 5~6
KQ55SC95-W,13.8kg,400*300,M8 5~6
KQ55SC90AFXKR,16.2kg,300*200,M8 28~30
KQ55SC90-W1,16.2kg,300*200,M8 28~30
KQ55SC95-6,13.8kg,400*300,M8 5~6
KQ55SC95-N16,13.8kg,400*300,M8 5~6
KQ55SC95-W6,13.8kg,400*300,M8 5~6
KQ55SC95-N26,13.8kg,400*300,M8 5~6
KQ55SC95-R-S,13.8kg,400*300,M8 5~6
KQ55SC95-R-W,13.8kg,400*300,M8 5~6
KQ55SC90-Q,16.2kg,300*200,M8 28~30
KQ55SC90-W1Q,16.2kg,300*200,M8 28~30
KQ55SC95-Q,13.8kg,400*300,M8 5~6
KQ55SC95-WQ,13.8kg,400*300,M8 5~6
KQ55QCE1-4,15.5kg,200*200,M8 11~13
KQ55QCE1-W1N4,15.5kg,200*200,M8 11~13
KQ55QCE1-W14,15.5kg,200*200,M8 11~13
KQ55QCE1AFXKR,15.5kg,200*200,M8 11~13
KQ55QCE1-W1N,15.5kg,200*200,M8 11~13
KQ55QCE1-W1,15.5kg,200*200,M8 11~13
KQ55QB65-B5,15.5kg,200*200,M8 11~13
KQ55QB65-W1B5,15.5kg,200*200,M8 11~13
KQ55QB65AFXKR,15.5kg,200*200,M8 11~13
KQ55QB65-W1,15.5kg,200*200,M8 11~13
KQ55QD60AFXKR,15.5kg,200*200,M8 11~13
KQ55QC70AFXKR,15.3kg,200*200,M8 11~13
KQ55QC70-W1,15.3kg,200*200,M8 11~13
KQ55QC80AFXKR,17.1kg,200*200,M8 17~19
KQ55QC80-W1,17.1kg,200*200,M8 17~19
KQ55QC75AFXKR,15.3kg,200*200,M8 11~13
KQ55QC75-W1,15.3kg,200*200,M8 11~13
KQ55QC68AFXKR,14.7kg,200*200,M8 11~13
KQ55QC70-4,15.3kg,200*200,M8 11~13
KQ55QC70-N14,15.3kg,200*200,M8 11~13
KQ55QC70-W14,15.3kg,200*200,M8 11~13
KQ55QC70-N24,15.3kg,200*200,M8 11~13
KQ55QC67AFXKR,14.7kg,200*200,M8 11~13
KQ55QA80AFXKR,17.9kg,200*200,
KQ55QA80-W1,17.9kg,200*200,
KQ55QB60-C,15.5kg,200*200,M8 11~13
KQ55QB60-W1C,15.5kg,200*200,M8 11~13
KQ60QB60-B5,18.6kg,400*300,M8 11~13
KQ60QB60-W1B5,18.6kg,400*300,M8 11~13
KQ55QB70-B5,16.1kg,200*200,M8 11~13
KQ55QB70-W1B5,16.1kg,200*200,M8 11~13
KQ55QB70-5,16.1kg,200*200,M8 11~13
KQ55QB70-W15,16.1kg,200*200,M8 11~13
KQ55QB80AFXKR,17.9kg,200*200,M8 26~28
KQ55QB80-W1,17.9kg,200*200,M8 26~28
KQ55QT67AFXKR,17.4kg,novesa,
QN55Q70RAF-S,18kg,novesa,
KQ55QB67AFXKR,15.5kg,200*200,M8 11~13
KQ55QB67-W1,15.5kg,200*200,M8 11~13
KQ55QC60AFXKR,14.7kg,200*200,M8 11~13
KQ55QC60-W1,14.7kg,200*200,M8 11~13
KQ55QC65AFXKR,14.7kg,200*200,M8 11~13
KQ55QC65-W1,14.7kg,200*200,M8 11~13
KQ55QB65-5,15.5kg,200*200,M8 11~13
KQ55QB65-W15,15.5kg,200*200,M8 11~13
KQ55QB70-4,16.1kg,200*200,M8 11~13
KQ55QB70-W14,16.1kg,200*200,M8 11~13
KQ55QB70AFXKR,16.1kg,200*200,M8 11~13
KQ55QB70-W1,16.1kg,200*200,M8 11~13
KQ55QB75AFXKR,16.1kg,200*200,M8 11~13
KQ55QB75-W1,16.1kg,200*200,M8 11~13
"KQ60QB60-5
",18.6kg,400*300,M8 11~13
KQ60QB60-W15,18.6kg,400*300,M8 11~13
KQ60QB60AFXKR,18.6kg,400*300,M8 11~13
KQ60QB60-W1,18.6kg,400*300,M8 11~13
KQ55QT80AFXKR,17.9kg,novesa,
"KQ55QT70AFXKR
",17.2kg,novesa,
KQ55QT90AFXKR,20.1kg,novesa,
KU75UA7000FXKR,30.4kg,400*400,M8 11~13mm 
KU75UA7000-W3,30.4kg,400*400,M8 11~13mm 
KQ75QCE1AFXKR,31.4kg,400*400,M8 11~13mm
KQ75QCE1-W1N,31.4kg,400*400,M8 11~13mm 
KQ75QCE1-W1,31.4kg,400*400,M8 11~13mm 
KQ75QCE1-5,31.4kg,400*400,M8 11~13mm 
KQ75QCE1-W1N5,31.4kg,400*400,M8 11~13mm 
KQ75QCE1-W15,31.4kg,400*400,M8 11~13mm 
KU75UA7000-4,30.4kg,400*400,M8 11~13mm 
KU75UA7000W34,30.4kg,400*400,M8 11~13mm 
KQ75QNC83AFXKR,34kg,400*400,M8 11~13mm 
KQ75QNC83-W1N,34kg,400*400,M8 11~13mm 
KQ75QNC83-W1,34kg,400*400,M8 11~13mm 
KQ75QNC83-8,34kg,400*400,M8 11~13mm 
KQ75QNC83-W1N8,34kg,400*400,M8 11~13mm 
KQ75QNC83-N18,34kg,400*400,M8 11~13mm 
KQ75QNC83-W18,34kg,400*400,M8 11~13mm 
KQ75QC70AFXKR,33.4kg,400*400,M8 11~13mm 
KQ75QC70-W1,33.4kg,400*400,M8 11~13mm 
KQ75QC80AFXKR,32.7kg,400*400,M8 17~19mm
KQ75QC80-W1,32.7kg,400*400,M8 17~19mm
KQ75QNC800FXKR,31.9kg,400*400,M8 5~6mm
KQ75QNC800-W1,31.9kg,400*400,M8 5~6mm
KQ75QNC88AFXKR,34kg,400*400,M8 11~13mm 
KQ75QNC88-W1,34kg,400*400,M8 11~13mm 
KQ75QNC900FXKR,31.2kg,400*400,M8 5~6mm
KQ75QNC900-W1,31.2kg,400*400,M8 5~6mm
KQ75QNC95AFXKR,32.5kg,400*400,M8 5~6mm
KQ75QNC95-W1,32.5kg,400*400,M8 5~6mm
KQ77SC90AFXKR,35.1kg,400*300,M8 28~30mm
KQ77SC90-W1,35.1kg,400*300,M8 28~30mm
KQ77SC95-7S,28.2kg,400*400,M8 5~6mm
KQ77SC95-W1N7,28.2kg,400*400,M8 5~6mm
KQ77SC95-W17,28.2kg,400*400,M8 5~6mm
KQ77SC95AFXKR,28.2kg,400*400,M8 5~6mm
KQ77SC95-W1N,28.2kg,400*400,M8 5~6mm
KQ77SC95-W1,28.2kg,400*400,M8 5~6mm
KQ77SC9SAFXKR,35.1kg,400*300,M8 28~30mm
KQ77SC9S-W1,35.1kg,400*300,M8 28~30mm
KQ75QD60AFXKR,31.4kg,400*400,M8 11~13mm
KQ75QNC83-FF,34kg,400*400,M8 11~13mm 
KQ75QNC83-FFW,34kg,400*400,M8 11~13mm 
KQ75QNC700FXKR,31.6kg,400*400,M8 5~6mm
KQ75QNC700-W1,31.6kg,400*400,M8 5~6mm
KQ75QNC85AFXKR,34kg,400*400,M8 11~13mm
KQ75QNC85-W1,34kg,400*400,M8 11~13mm
KQ75QNC90AFXKR,34.1kg,400*400,M8 11~13mm
KQ75QNC90-W1,34.1kg,400*400,M8 11~13mm
KQ75QB65AFXKR,31.4kg,400*400,M8 11~13mm
KQ75QB65-W1,31.4kg,400*400,M8 11~13mm
KQ75QCE1-4,31.4kg,400*400,M8 11~13mm
KQ75QCE1-W1N4,31.4kg,400*400,M8 11~13mm
KQ75QCE1-W14,31.4kg,400*400,M8 11~13mm
KQ75QC83AFXKR,32.7kg,400*400,M8 17~19mm
KQ75QC68-FGC,28.5kg,400*400,M8 11~13mm
KQ75QC68-FGCW,28.5kg,400*400,M8 11~13mm
KQ75QB60AFXKR,31.4kg,400*400,M8 11~13mm
KQ75QB60-W1,31.4kg,400*400,M8 11~13mm
KQ75QC70-FVGC,33.4kg,400*400,M8 11~13mm
KQ75QC70-FVGCW,33.4kg,400*400,M8 11~13mm
KQ75QC75AFXKR,33.4kg,400*400,M8 11~13mm
KQ75QC75-W1,33.4kg,400*400,M8 11~13mm
KQ75QB67-B5,31.4kg,400*400,M8 11~13mm
KQ75QB67-W1B5,31.4kg,400*400,M8 11~13mm
KU75UC7050FXKR,30.4kg,400*400,M8 20~22mm
KQ75QNC800-8,31.9kg,400*400,M8 5~6mm
KQ75QNC800-N18,31.9kg,400*400,M8 5~6mm
KQ75QNC800-W18,31.9kg,400*400,M8 5~6mm
KQ75QC68AFXKR,31.4kg,400*400,M8 11~13mm
KQ75QC70-4,33.4kg,400*400,M8 11~13mm
KQ75QC70-N14,33.4kg,400*400,M8 11~13mm
KQ75QC70-W14,33.4kg,400*400,M8 11~13mm
KQ77SC95-8,28.2kg,400*400,M8 5~6mm
KQ77SC95-W18,28.2kg,400*400,M8 5~6mm
KU75UC8000-B6,31.4kg,400*400,M8 11~13mm
KU75UC8000W1B6,31.4kg,400*400,M8 11~13mm
KU75UC8070-4,31.4kg,400*400,M8 11~13mm
KU75UC8070-W14,31.4kg,400*400,M8 11~13mm
KQ77SC95-9BS,28.2kg,400*400,M8 5~6mm
KQ77SC95-W19B,28.2kg,400*400,M8 5~6mm
KQ75QNC700-FB,31.2kg,400*400,M8 5~6mm
KQ75QNC700-FBW,31.2kg,400*400,M8 5~6mm
KQ75QNC85-FW9,34kg,400*400,M8 11~13mm
KQ75QNC85-F9,34kg,400*400,M8 11~13mm
KQ75QC67AFXKR,31.4kg,400*400,M8 11~13mm
KU75UC7030FXKR,30.4kg,400*400,M8 20~22mm
KU75UC7070FXKR,30.4kg,400*400,M8 20~22mm
KU75UC7070-W1,30.4kg,400*400,M8 20~22mm
KU75UC8100FXKR,31.4kg,400*400,M8 11~13mm
KU75UC8100-W1,31.4kg,400*400,M8 11~13mm
KQ75QNC700-F,31.6kg,400*400,M8 5~6mm
KQ75QNC700-FW,31.6kg,400*400,M8 5~6mm
KQ75QNC850FXKR,31.9kg,400*400,M8 5~6mm
KQ75QNC850-W1,31.9kg,400*400,M8 5~6mm
KU75UB8000-WB5,31.4kg,400*400,M8 11~13mm
KU75UB8000-WS,31.4kg,400*400,M8 11~13mm
KQ75QB83AFXKR,34.4kg,400*400,M8 26~28mm
KQ75QB83-W1,34.4kg,400*400,M8 26~28mm
KQ75QNB750FXKR,31.5kg,400*400,M8 5~6mm
KQ75QNB750-W1,31.5kg,400*400,M8 5~6mm
KQ75QNA900FXKR,31kg,400*400,M8 5~6mm
KQ75QNA900-W1,31kg,400*400,M8 5~6mm
KU75UA8000-A6,32.1kg,400*400,
KU75UA8000W1A6,32.1kg,400*400,
KQ75QNB88AFXKR,34kg,400*400,M8 11~13mm
KU75UB8070FXKR,31.4kg,400*400,M8 11~13mm
KU75UB8070-W1,31.4kg,400*400,M8 11~13mm
KU75UB8100FXKR,31.4kg,400*400,M8 11~13mm
KU75UB8100-W1,31.4kg,400*400,M8 11~13mm
KQ75QA70-6,34.1kg,400*400,
KQ75QA70-W16,34.1kg,400*400,
KQ75QA70AFXKR,34.1kg,400*400,
KQ75QA70-W1,34.1kg,400*400,
KQ75QA80-6,34.4kg,400*400,
KQ75QA80-W16,34.4kg,400*400,
KQ75QNA800-6,32.1kg,400*400,M8 5~6mm
KQ75QNA85A-S6,32.1kg,400*400,M8 5~6mm
KQ75QNA85A-W6,32.1kg,400*400,M8 5~6mm
KQ75QNA85AFXKR,34.6kg,400*400,M8 5~6mm
KQ75QNA85-W1,34.6kg,400*400,M8 5~6mm
KQ75QNA90A-S6,31kg,400*400,M8 5~6mm
KQ75QNA90A-W6,31kg,400*400,M8 5~6mm
KQ75QT800AFXKR,34.3kg,novesa,
KQ75QT800A-W,34.3kg,novesa,
KQ75QT950SFXKR,34.4kg,400*400,M8 5~6mm
KQ75QT950S-W,34.4kg,400*400,M8 5~6mm
KQ75QA67AFXKR,32.1kg,400*400,M8 11~13mm
KU75UA8000-QL,32.1kg,400*400,M8 11~13mm
KU75UA8000-6S,32.1kg,400*400,M8 11~13mm
KU75UA8000W16S,32.1kg,400*400,M8 11~13mm
KU75UA8180FXKR,32.1kg,400*400,M8 11~13mm
KQ75QT800A-S,34.3kg,novesa,
KQ75QNA700FXKR,32.1kg,400*400,M8 5~6mm
KQ75QNB700FXKR,31.5kg,400*400,M8 5~6mm
"KQ75QNB700-W1
",31.5kg,400*400,M8 5~6mm
KU75UT8050FXKR,30.4kg,novesa,
KU75UB8000-B5,31.4kg,400*400,M8 11~13mm
KU75UB8000W1B5,31.4kg,400*400,M8 11~13mm
KQ75QB70-B5,33.4kg,400*400,M8 11~13mm
KQ75QB70-W1B5,33.4kg,400*400,M8 11~13mm
KU75UT8000FXKR,30.4kg,novesa,
KU75UA7050B5,30.4kg,400*400,M8 11~13mm 
KU75UA7050W3B5,30.4kg,400*400,M8 11~13mm 
KU75UA7050-W3,30.4kg,400*400,M8 11~13mm 
KU75UA7050-5,30.4kg,400*400,M8 11~13mm 
KU75UA7050-W35,30.4kg,400*400,M8 11~13mm 
"KU75UC8070-B5
",31.4kg,400*400,M8 11~13mm
KU75UC8070W1B5,31.4kg,400*400,M8 11~13mm
KU75UC8070FXKR,31.4kg,400*400,M8 11~13mm
KU75UC8070-W1,31.4kg,400*400,M8 11~13mm
KU75UT7000FXKR,30.4kg,novesa,
KQ75QT60AFXKR,36kg,novesa,
KU75UT8050-S1,30.4kg,novesa,
KQ75QT67AFXKR,36kg,novesa,
KQ75QT60A-W,36kg,novesa,
KQ75QB65-B5,31.4kg,400*400,M8 11~13mm
KQ75QB65-W1B5,31.4kg,400*400,M8 11~13mm
KQ75QB67AFXKR,31.4kg,400*400,M8 11~13mm
KQ75QB67-W1,31.4kg,400*400,M8 11~13mm
KQ75QC60AFXKR,31.4kg,400*400,M8 11~13mm
KQ75QC60-W1,31.4kg,400*400,M8 11~13mm
KQ75QC65AFXKR,31.4kg,400*400,M8 11~13mm
KQ75QC65-W1,31.4kg,400*400,M8 11~13mm
KQ75QNC700-FF,31.6kg,400*400,M8 5~6mm
KQ75QNC700-FFW,31.6kg,400*400,M8 5~6mm
KQ75QNC85-F,34kg,400*400,M8 11~13mm 
KQ75QNC85-FW,34kg,400*400,M8 11~13mm 
KQ77SC95-FW,28.2kg,400*400,M8 5~6mm
KQ77SC95-F,28.2kg,400*400,M8 5~6mm
KU75UA8090FXKR,32.1kg,400*400,M8 11~13mm
KU75UA8090-W3,32.1kg,400*400,M8 11~13mm
KU75UC7000FXKR,30.4kg,400*400,M8 20~22mm
KU75UC7000-W1,30.4kg,400*400,M8 20~22mm
KU75UC8000FXKR,31.4kg,400*400,M8 11~13mm
KU75UC8000-W1,31.4kg,400*400,M8 11~13mm
KU75UC8500FXKR,31.4kg,400*400,M8 11~13mm
KU75UC8500-W1,31.4kg,400*400,M8 11~13mm
KQ75QNB95AFXKR,31.3kg,400*400,M8 5~6mm
KQ75QNB95-W1,31.3kg,400*400,M8 5~6mm
KQ75QNB83AFXKR,34kg,400*400,M8 11~13mm
"KQ75QNB83-W1
",34kg,400*400,M8 11~13mm
KQ75QB70-5,33.4kg,400*400,M8 11~13mm
KQ75QB70-W15,33.4kg,400*400,M8 11~13mm
KQ75QB70-W1,33.4kg,400*400,M8 11~13mm
KQ75QB75-W1,33.4kg,400*400,M8 11~13mm
KQ75QB80-W1,34.4kg,400*400,M8 26~28mm
KQ75QC80-5,32.7kg,400*400,M8 17~19mm
KQ75QC80-W15,32.7kg,400*400,M8 17~19mm
KQ75QNB700-5,31.5kg,400*400,M8 5~6mm
KQ75QNB700-W15,31.5kg,400*400,M8 5~6mm
KQ75QNB800FXKR,34kg,400*400,M8 11~13mm
KQ75QNB800-W1,34kg,400*400,M8 11~13mm
"KQ75QNB85-5
",34kg,400*400,M8 11~13mm
KQ75QNB85-W15,34kg,400*400,M8 11~13mm
KQ75QNB85AFXKR,34kg,400*400,M8 11~13mm
KQ75QNB85-W1,34kg,400*400,M8 11~13mm
KQ75QNB90AFXKR,31.3kg,400*400,M8 5~6mm
KQ75QNB90-W1,31.3kg,400*400,M8 5~6mm
KQ75QNC83-5,34kg,400*400,M8 11~13mm
KQ75QNC83-W15,34kg,400*400,M8 11~13mm
KQ75QNC85-F7,34kg,400*400,M8 11~13mm
KQ75QNC85-FW7,34kg,400*400,M8 11~13mm
KQ77SC90-6,35.1kg,400*400,M8 28~30mm
KQ77SC90-W16,35.1kg,400*400,M8 28~30mm
KU75UA7000-W34,30.4kg,400*400,M8 11~13mm 
KQ75QT80AFXKR,34.3kg,novesa,
KQ75QT85AFXKR,34.3kg,novesa,
KQ75QT70AFXKR,36kg,novesa,
KQ75QT90AFXKR,38.7kg,novesa,
KU65UA7000FXKR,20.6kg,400*300,
KU65UA7000-W3,20.6kg,400*300,
KQ65QCE1AFXKR,20.9kg,400*300,M8 11~13mm
KQ65QCE1-W1N,20.9kg,400*300,M8 11~13mm
KQ65QCE1-W1,20.9kg,400*300,M8 11~13mm
KQ65QNC90AFXKR,24.2kg,400*300,M8 11~13mm
KQ65QNC90-W1,24.2kg,400*300,M8 11~13mm
KQ65SC95AFXKR,18.9kg,400*300,M8 5~6mm
KQ65SC95-W1N,18.9kg,400*300,M8 5~6mm
KQ65SC95-W1,18.9kg,400*300,M8 5~6mm
KQ65QCE1-4,20.9kg,400*300,M8 11~13mm
KQ65QCE1-W1N4,20.9kg,400*300,M8 11~13mm
KQ65QCE1-W14,20.9kg,400*300,M8 11~13mm
KU65UA7000-45,20.6kg,400*300,
KU65UA7000W345,20.6kg,400*300,
KQ65QNC83AFXKR,23.7kg,400*300,M8 11~13mm
KQ65QNC83-W1N,23.7kg,400*300,M8 11~13mm
KQ65QNC83-W1,23.7kg,400*300,M8 11~13mm
KQ65QNC83W1N60,23.7kg,400*300,M8 11~13mm
KQ65QNC83-6,23.7kg,400*300,M8 11~13mm
KQ65QNC83-N16,23.7kg,400*300,M8 11~13mm
KQ65QNC83-W16,23.7kg,400*300,M8 11~13mm
KQ65QNC83-N26,23.7kg,400*300,M8 11~13mm
KQ65QC70AFXKR,21.4kg,400*300,M8 11~13mm
KQ65QC70-W1,21.4kg,400*300,M8 11~13mm
KQ65QC80AFXKR,21.4kg,400*300,M8 11~13mm
KQ65QC80-W1,21.4kg,400*300,M8 11~13mm
KQ65QNC800FXKR,23.7kg,400*300,M8 11~13mm
KQ65QNC800-W1,23.7kg,400*300,M8 11~13mm
KQ65QNC95AFXKR,24.2kg,400*300,M8 11~13mm
KQ65QNC95-W1,24.2kg,400*300,M8 11~13mm
KQ65SC95-7S,18.9kg,400*300,M8 5~6mm
KQ65SC95-W1N7,18.9kg,400*300,M8 5~6mm
KQ65SC95-W7B,18.9kg,400*300,M8 5~6mm
KQ65SC9SAFXKR,21.1kg,300*200,M8 28~30mm
KQ65SC9S-N1,21.1kg,300*200,M8 28~30mm
KQ65SC9S-W1,21.1kg,300*200,M8 28~30mm
KQ65QD60AFXKR,20.9kg,400*300,M8 11~13mm
KQ65QNC83-FF,23.7kg,400*300,M8 11~13mm
KQ65QNC83-FFW,23.7kg,400*300,M8 11~13mm
KQ65QNC85AFXKR,23.7kg,400*300,M8 11~13mm
KQ65QNC85-W1,23.7kg,400*300,M8 11~13mm
KQ65SC90AFXKR,21.1kg,300*200,M8 28~30mm
KQ65SC90-W1,21.1kg,300*200,M8 28~30mm
KQ65QCE1-5,20.9kg,400*300,M8 11~13mm
"KQ65QCE1-W1N5
",20.9kg,400*300,M8 11~13mm
KQ65QCE1-W15,20.9kg,400*300,M8 11~13mm
KQ65QC83AFXKR,22.9kg,400*300,M8 17~19mm
KQ65QC75AFXKR,21.4kg,400*300,M8 11~13mm
KQ65QC75-W1,21.4kg,400*300,M8 11~13mm
KQ65QNC800-8,23.7kg,400*300,M8 11~13mm
"KQ65QNC800-N18
",23.7kg,400*300,M8 11~13mm
KQ65QNC800-W18,23.7kg,400*300,M8 11~13mm
KQ65QNC800-N28,23.7kg,400*300,M8 11~13mm
KQ65QC68AFXKR,20.9kg,400*300,M8 11~13mm
KQ65QC70-4,21.4kg,400*300,M8 11~13mm
KQ65QC70-N14,21.4kg,400*300,M8 11~13mm
KQ65QC70-W14,21.4kg,400*300,M8 11~13mm
KQ65QC70-N24,21.4kg,400*300,M8 11~13mm
KQ65SC95-8,18.9kg,400*300,M8 5~6mm
KQ65SC95-N18,18.9kg,400*300,M8 5~6mm
KQ65SC95-W18,18.9kg,400*300,M8 5~6mm
KQ65SC95-N28,18.9kg,400*300,M8 5~6mm
KU65UC8000-B6,20.9kg,400*300,M8 11~13mm
KU65UC8000N1B6,20.9kg,400*300,M8 11~13mm
KU65UC8000W1B6,20.9kg,400*300,M8 11~13mm
KU65UC8000N2B6,20.9kg,400*300,M8 11~13mm
KU65UC8070-4,20.9kg,400*300,M8 11~13mm
KU65UC8070-W14,20.9kg,400*300,M8 11~13mm
KQ65SC95-R-W,18.9kg,400*300,M8 5~6mm
KQ65SC95-9BS,18.9kg,400*300,M8 5~6mm
KQ65SC95-W19B,18.9kg,400*300,M8 5~6mm
KQ65QNC700-FBW,22.4kg,400*300,M8 5~6mm
KQ65QNC85-F9,22.5kg,400*300,M8 5~6mm
KQ65QNC85-FW9,22.5kg,400*300,M8 5~6mm
KQ65QC67AFXKR,20.9kg,400*300,M8 11~13mm
KU65UC7030FXKR,20.6kg,400*300,M8 20~22mm
KU65UC7050FXKR,20.6kg,400*300,M8 20~22mm
KU65UC7070FXKR,20.6kg,400*300,M8 20~22mm
KU65UC7070-W1,20.6kg,400*300,M8 20~22mm
KU65UC8100FXKR,20.9kg,400*300,M8 11~13mm
KU65UC8100-W1,20.9kg,400*300,M8 11~13mm
KQ65QNC700-F,22.4kg,400*300,M8 5~6mm
KQ65QNC700-FW,22.4kg,400*300,M8 5~6mm
KQ65SC95-Q,18.9kg,400*300,M8 5~6mm
KQ65SC95-W1Q,18.9kg,400*300,M8 5~6mm
KQ65QNC88AFXKR,22.5kg,400*300,M8 5~6mm
KQ65QNC88-W1,22.5kg,400*300,M8 5~6mm
KQ65QNC850FXKR,22.5kg,400*300,M8 5~6mm
KQ65QNC850-W2,22.5kg,400*300,M8 5~6mm
KU65UB8000-WB5,20.9kg,400*300,M8 11~13mm
KU65UB8000-WS,20.9kg,400*300,M8 11~13mm
KQ65QNB750FXKR,22.6kg,400*300,M8 5~6mm
KQ65QNB750-W1,22.6kg,400*300,M8 5~6mm
KQ65QNA800FXKR,22.7kg,400*300,M8 5~6mm
KQ65QNA800-W1,22.7kg,400*300,M8 5~6mm
KQ65QA70AFXKR,21.4kg,400*300,
KU65UB8070FXKR,20.9kg,400*300,M8 11~13mm
KU65UB8070-W1,20.9kg,400*300,M8 11~13mm
KQ65QA70-W16,21.4kg,400*300,
KQ65QA80-6,24.1kg,400*300,
"KQ65QA80-W16
",24.1kg,400*300,
KQ65QNA800-6,22.7kg,400*300,M8 5~6mm
KQ65QNA800-W16,22.7kg,400*300,M8 5~6mm
KQ65QNA85-6S,22.7kg,400*300,M8 5~6mm
"KQ65QNA85-W6S
",22.7kg,400*300,M8 5~6mm
KQ65QNA85AFXKR,22.7kg,400*300,M8 5~6mm
KQ65QNA85-W1,22.7kg,400*300,M8 5~6mm
KQ65QNA90-6S,24.4kg,400*300,
KQ65QNA90-W6S,24.4kg,400*300,
KQ65QNA90AFXKR,24.4kg,400*300,
KQ65QNA90-W1,24.4kg,400*300,
KQ65QB60AFXKR,20.9kg,400*300,M8 11~13mm
KQ65QB60-W1,20.9kg,400*300,M8 11~13mm
KQ65QA67AFXKR,20.9kg,400*300,M8 11~13mm
KQ65QA60-6,20.9kg,400*300,M8 11~13mm
KQ65QA60-W16,20.9kg,400*300,M8 11~13mm
KQ65QT70A-W,22.3kg,novesa,
KQ65QT800A-S,24kg,novesa,
KQ65QT800A-W,24kg,novesa,
KQ65QB65AFXKR,20.9kg,400*300,M8 11~13mm
KQ65QB65-W1,20.9kg,400*300,M8 11~13mm
KQ65QB80AFXKR,24.1kg,400*300,M8 26~28mm
KQ65QB80-W1,24.1kg,400*300,M8 26~28mm
KU65UT8050FXKR,20.6kg,novesa,
KU65UB8000-B5,20.9kg,400*300,M8 11~13mm
KU65UB8000W1B5,20.9kg,400*300,M8 11~13mm
KQ65QB70-B5,21.4kg,400*300,M8 11~13mm
KQ65QB70-W1B5,21.4kg,400*300,M8 11~13mm
KQ65QT800AFXKR,24kg,novesa,
KU65UC8070-C4,20.9kg,400*300,M8 11~13mm
KU65UC8070W1C4,20.9kg,400*300,M8 11~13mm
KU65UT8000FXKR,20.6kg,novesa,
KQ65QB70-5,21.4kg,400*300,M8 11~13mm
KQ65QB70-W15,21.4kg,400*300,M8 11~13mm
KU65UT7000FXKR,20.6kg,novesa,
KU65UC8070FXKR,20.9kg,400*300,M8 11~13mm
KU65UC8070-W1,20.9kg,400*300,M8 11~13mm
KU65UT8050-S,20.6kg,novesa,
KU65UT8500FXKR,22.3kg,novesa,
QN65Q79RAF-W,24.3kg,novesa,
KQ65QT95AFXKR,26.2kg,novesa,
KQ65QT67AFXKR,22.6kg,novesa,
QN65Q79RAF-S,24.3kg,novesa,
KQ65QB65-B5,20.9kg,400*300,M8 11~13mm
KQ65QB65-W1B5,20.9kg,400*300,M8 11~13mm
KQ65QB67AFXKR,20.9kg,400*300,M8 11~13mm
KQ65QB67-W1,20.9kg,400*300,M8 11~13mm
KQ65QC60AFXKR,20.9kg,400*300,M8 11~13mm
KQ65QC60-W1,20.9kg,400*300,M8 11~13mm
KQ65QC65AFXKR,20.9kg,400*300,M8 11~13mm
KQ65QC65-W1,20.9kg,400*300,M8 11~13mm
KQ65QNC700-7,22.4kg,400*300,M8 5~6mm
KQ65QNC700-W17,22.4kg,400*300,M8 5~6mm
KQ65QNC700-FF,22.4kg,400*300,M8 5~6mm
KQ65QNC700-FFW,22.4kg,400*300,M8 5~6mm
"KQ65QNC700FXKR
",22.4kg,400*300,M8 5~6mm
KQ65QNC700-W1,22.4kg,400*300,M8 5~6mm
KQ65QNC85-F,22.5kg,400*300,M8 5~6mm
KQ65QNC85-FW,22.5kg,400*300,M8 5~6mm
KQ65SC95-F,18.9kg,400*300,M8 5~6mm
KQ65SC95-FW,18.9kg,400*300,M8 5~6mm
KU65UC7000FXKR,20.6kg,400*300,M8 20~22mm
KU65UC7000-W1,20.6kg,400*300,M8 20~22mm
KU65UC8000FXKR,20.9kg,400*300,M8 11~13mm
KU65UC8000-W1,20.9kg,400*300,M8 11~13mm
KU65UC8500FXKR,20.9kg,400*300,M8 11~13mm
KU65UC8500-W1,20.9kg,400*300,M8 11~13mm
KQ65QB65-5,20.9kg,400*300,M8 11~13mm
KQ65QB65-W15,20.9kg,400*300,M8 11~13mm
KQ65QB70-T4,21.4kg,400*300,M8 11~13mm
KQ65QB70-W1T4,21.4kg,400*300,M8 11~13mm
KQ65QB70-W1,21.4kg,400*300,M8 11~13mm
KQ65QB75-W1,21.4kg,400*300,M8 11~13mm
KQ65QB83AFXKR,24.1kg,400*300,M8 26~28mm
KQ65QB83-W1,24.1kg,400*300,M8 26~28mm
KQ65QC80-5,22.9kg,400*300,M8 17~19mm
KQ65QC80-W15,22.9kg,400*300,M8 17~19mm
KQ65QNB83AFXKR,23.7kg,400*300,M8 11~13mm
KQ65QNB83-W1,23.7kg,400*300,M8 11~13mm
KQ65QNB85-5,23.7kg,400*300,M8 11~13mm
KQ65QNB85-W15,23.7kg,400*300,M8 11~13mm
KQ65QNB85AFXKR,23.7kg,400*300,M8 11~13mm
KQ65QNB85-W1,23.7kg,400*300,M8 11~13mm
KQ65QNB88AFXKR,23.7kg,400*300,M8 11~13mm
KQ65QNB88-W1,23.7kg,400*300,M8 11~13mm
KQ65QNB90AFXKR,24.4kg,400*300,M8 11~13mm
KQ65QNB90-W1,24.4kg,400*300,M8 11~13mm
KQ65QNB95AFXKR,24.4kg,400*300,M8 11~13mm
KQ65QNB95-W1,24.4kg,400*300,M8 11~13mm
KQ65QNC83-5,22.5kg,400*300,M8 5~6mm
KQ65QNC83-W15,22.5kg,400*300,M8 5~6mm
KQ65QNC85-F7,22.5kg,400*300,M8 5~6mm
KQ65QNC85-FW7,22.5kg,400*300,M8 5~6mm
KQ65SC90-5,21.1kg,300*200,M8 28~30mm
KQ65SC90-W15,21.1kg,300*200,M8 28~30mm
KU65UB8100FXKR,20.9kg,400*300,M8 11~13mm
KU65UB8100-W1,20.9kg,400*300,M8 11~13mm
KQ65QT80AFXKR,24.1kg,novesa,
KQ65QT85AFXKR,24.1kg,novesa,
KQ65QT70AFXKR,22.3kg,novesa,
KU55UC7030FXKR,13.1kg,200*200,M8 20~22mm
KU55UC7070FXKR,13.1kg,200*200,M8 20~22mm
KU55UC7070-W1,13.1kg,200*200,M8 20~22mm
KU55UC8100FXKR,14.7kg,200*200,M8 11~13mm
KU55UC8100-W1,14.7kg,200*200,M8 11~13mm
KU55UB8100FXKR,15.5kg,200*200,M8 11~13mm
KU55UB8100-W1,15.5kg,200*200,M8 11~13mm
KU60UB8070FXKR,18.6kg,400*300,M8 11~13mm
KU60UB8070-W1,18.6kg,400*300,M8 11~13mm
KU55UT8500-W,17.2kg,novesa,
KU60UB8000-B5,18.6kg,400*300,M8 11~13mm
KU60UB8000W1B5,18.6kg,400*300,M8 11~13mm
KU55UT8000-S,13.9kg,novesa,
KU55UA7000FXKR,13.1kg,200*200,M8 11~13mm
KU55UT8000FXKR,13.9kg,novesa,
KU55UC8070-C4,14.7kg,200*200,M8 11~13mm
KU55UC8070W1C4,14.7kg,200*200,M8 11~13mm
KU55UT8500-S,17.2kg,novesa,
KU55UC8070FXKR,14.7kg,200*200,M8 11~13mm
KU55UC8070-W1,14.7kg,200*200,M8 11~13mm
KU55UT7000FXKR,13.2kg,novesa,
KU55UT8070-S,13.9kg,novesa,
KU55UT8070FXKR,13.9kg,novesa,
KU55UT8000-W,13.9kg,novesa,
KU55UT8500FXKR,17.2kg,novesa,
KU55UA8090FXKR,14.7kg,200*200,M8 11~13mm
KU55UC7000FXKR,13.1kg,200*200,M8 20~22mm
KU55UC7000-W1,13.1kg,200*200,M8 20~22mm
KU55UC7050FXKR,13.1kg,200*200,M8 20~22mm
KU55UC8000FXKR,14.7kg,200*200,M8 11~13mm
KU55UC8000-W1,14.7kg,200*200,M8 11~13mm
KU55UC8500FXKR,14.7kg,200*200,M8 11~13mm
KU55UC8500-W1,14.7kg,200*200,M8 11~13mm
UN46F6420AF,13.5kg,400*400,M8
LS24C330GAKXKR,2.5kg,75*75,M4 12mm
LS24AG320NKXKR,3.0kg,100*100,M4 10mm
LS24C312EAKXKR,2.4kg,100*100,M4
LS25BG400EKXKR,2.8kg,100*100,M4 10.5mm
LS27BG400EKXKR,3.6kg,100*100,M4 10.5mm
LS24AG300NKXKR,2.6kg,100*100,M4
LS27AG300NKXKR,3.8kg,100*100,M4
LS24R356FZKXKR,2.8kg,75*75,M4
LS24C334GAKXKR,2.5kg,75*75,M4 12mm
LC27R500FHKXKR,3.5kg,75*75,M4 10mm
LS27AG320NKXKR,3.3kg,100*100,M4 10mm
LS27C366EAKXKR,3.7kg,75*75,M4 9.6mm
LS27C390EAKXKR,3.8kg,novesa,
LS27CM503EK-E,3.6kg,100*100,M4 8.7mm
LS27CM502EK-E,3.6kg,100*100,M4 8.7mm
LS32C390EAKXKR,4.9kg,novesa,
LS32CM502EK-E,5.5kg,100*100,M4 8.7mm
LS32CM503EK-E,5.5kg,100*100,M4 8.7mm
LS32BM503EK-SP,5.1kg,100*100,M4 8.7mm
LS32BM502EK-SP,5.1kg,100*100,M4 8.7mm
LS32C392EAKXKR,4.9kg,novesa,
LC32T552FDKXKR,4.9kg,novesa,
LS32CM503EK-ST,5.5kg,100*100,M4 8.7mm
LS27CM502EK-BK,3.6kg,100*100,M4 8.7mm
LS32CM502EK-BK,5.5kg,100*100,M4 8.7mm
LS27CM503EK-ST,3.6kg,100*100,M4 8.7mm
LS32CM502EKXKR,5.5kg,100*100,M4 8.7mm
LS27BM502EK-SP,3.6kg,100*100,M4 8.7mm
LS27C336GAKXKR,3.2kg,75*75,
LS27C430GAKXKR,3.7kg,100*100,
LS27AG554EKXKR,3.7kg,75*75,M4 10mm
LS27BG654EKXKR,4.5kg,100*100,
LS32AG524PK-E,5.6kg,100*100,M4
LS32AG524PKXKR,5.6kg,100*100,M4
LS32BG650EKXKR,5.5kg,100*100,M4 10mm
LC32G55TQBKXKR,4.8kg,75*75,M4 10mm
LS27B614EQKXKR,3.6kg,100*100,M4
LC27G55TQBKXKR,3.7kg,100*100,
LS27B610EQKXKR,3.6kg,100*100,
LS32AG520PKXKR,5.6kg,100*100,M4
LS32AG500PKXKR,5.6kg,100*100,M4
LS27AG550EKXKR,3.7kg,75*75,M4 10mm
LS32A600UUKXKR,5kg,100*100,M4 7.5mm
LS32BG654EK-SP,5.5kg,100*100,
LS32AG554EKXKR,4.8kg,75*75,M4 10mm
LC32G74TQSKXKR,6.5kg,100*100,M4
LC27G75TQSKXKR,5.5kg,100*100,M4
LS32A600NAKXKR,4.8kg,100*100,M4 7.5mm
LS27BG654EK-E,4.5kg,100*100,
LS32BG654EK-E,5.5kg,100*100,
LS27AG520PKXKR,4.4kg,100*100,M4
LS27CG510EKXKR,3.3kg,100*100,M4 10mm
LC34G55TWWKXKR,5.2kg,75*75,M4 10mm
LS34BG850SKXKR,5.5kg,100*100,M4 5.5mm
LS34C650TAKXKR,5.3kg,100*100,M4 8.5mm
LS34C650UAKXKR,5.2kg,100*100,M4 8.5mm
LS34BG850SK-E,5.5kg,100*100,M4 5.5mm
LS34C500GAKXKR,4.2kg,100*100,M8 8mm
LS57CG950NKXKR,15.4kg,100*100,M4 4~9.5 mm
LS49CG954SKXKR,9.2kg,100*100,M4 3.5~5.5mm
LS55CG970NKXKR,21.1kg,200*200,M8 8~10mm
LS49C954UAKXKR,10.6kg,100*100,M4 4~9.5 mm
LS49AG950NKXKR,11.9kg,100*100,M4
LS55BG970NKXKR,21.1kg,200*200,M8 8~10mm
LS49CG954EKXKR,10.6kg,100*100,M4 3.5~5.5mm
LC49RG90SSKXKR,11.6kg,100*100,M4 10mm
LC49G95TSSKXKR,14.1kg,100*100,M4
LS49CG934SKXKR,8.8kg,100*100,M4 3.5~5.5mm
LS27C330GAKXKR,3.2kg,75*75,M4 12mm
LS32BM702EK-BN,5.4kg,100*100,M4 6.7~8.7mm
LS43BM703UKXKR,8.7kg,200*200,M8 11~13mm
LS27C900PAKXKR,4.7kg,100*100,M4 5.8~7.8mm
LS32BM703UK-ST,5.7kg,100*100,M4 6.7~8.7mm
LS32CM703UK-ST,4.2kg,100*100,M4 5.8~7.8mm
LS43BM702UKXKR,8.7kg,200*200,M8 11~13mm
LS32CM801UK-ST,4.2kg,100*100,M4 5.8~7.8mm
LS27B800PXKXKR,4.7kg,100*100,M4 5.5~7.5mm
LS32A800NMKXKR,4.9kg,100*100,M4
LS32B800PXKXKR,5.2kg,100*100,M4 5.5~7.5mm
LS32BG850NKXKR,7kg,100*100,M4
LS32BM702UKXKR,5.4kg,100*100,M4 6.7~8.7mm
LS32BM703UKXKR,5.7kg,100*100,M4 6.7~8.7mm
LS32CM703UK-E,4.2kg,100*100,M4 5.8~7.8mm
LS32CM80BUK-E,4.2kg,100*100,M4 5.8~7.8mm
LS32CM801UK-E,4.2kg,100*100,M4 5.8~7.8mm
LS32CM80GUK-E,4.2kg,100*100,M4 5.8~7.8mm
LS32CM80PUK-E,4.2kg,100*100,M4 5.8~7.8mm
LS43CG702NKXKR,9.2kg,200*200,M8 18~20mm
LU32J592UQKXKR,5.5kg,100*100,M4 10mm
LU32R592CWKXKR,4.8kg,novesa,
LS28BG700EKXKR,5.1kg,novesa,M4 12mm
LS32BG750NKXKR,6.7kg,100*100,M4
LS27A800NMKXKR,4.4kg,100*100,M4
LS27A800UJKXKR,4.7kg,100*100,M4
LS27A700NWKXKR,4.4kg,100*100,M4 8mm
LS32A704NWKXKR,5kg,100*100,M4 8mm
LS43BM701UKXKR,8.7kg,200*200,M8 11~13mm
LS32CM703UKX-K,4.2kg,100*100,M4 5.8~7.8mm
LS32BM801UKXKR,4.4kg,novesa,
LF32TU870VKXKR,5.5kg,100*100,M4 10mm
LS27CM801UKXKR,3.3kg,100*100,M4 5.8~7.8mm
LS32CM703UKXKR,4.2kg,100*100,M4 5.8~7.8mm
LS32CM80BUKXKR,4.2kg,100*100,M4 5.8~7.8mm
LS32CM80PUKXKR,4.2kg,100*100,M4 5.8~7.8mm
LS32CM80GUKXKR,4.2kg,100*100,M4 5.8~7.8mm
LS32CM801UKXKR,4.2kg,100*100,M4 5.8~7.8mm
LS27CM701UKXKR,3.3kg,100*100,M4 5.8~7.8mm
LS43CG702NK-E,9.2kg,200*200,M8 18~20mm
LS43CG700NKXKR,9.2kg,200*200,M8 18~20mm
WTUN65E1SKK,16.8kg,300*200,
GTUS55E1SKK,12.2kg,300*200,
WTUN55E1SKK,13.1kg,300*200,
WTUN50E1SKK,9.9kg,300*200,
WTLN43E1SKK,7kg,300*200,
NTLN43E1SKK,7kg,400*200,
WTLN32E1SKK,3.9k,75*75,
L65M8-A2KR,15.8kg,300*300,
L50M8-A2KR,9.2kg,300*300,
L55M8-A2KR,11.04kg,300*300,
L65M8-A2KR,15.8kg,300*300,
S7501KU WIFI,28.5kg ,600*300,
G75 ZERO EDITION,28.5kg,600*300,
S7511KU QLED,28.5kg,600*400,
S7503KU,34.4kg,600*200,
S8511KU QLED,40.5kg,600*400,
S8620GG,47kg,600*400,
S8601KU,40.5kg,600*400,
G86QLED,40.5kg,600*400,
S9801KU,75kg,900*400,
E7000UHD,19.3kg,300*200,
E7500UHD,28.5kg,600*300,
E7503HDR,34.4kg,600*200,
G32F QLED ZERO EDITION,3.6kg,200*100,
G40F QLED ZERO EDITION,5.2kg,200*200,
"G43 ZERO EDITION
",6.2kg,200*200,
"G43 QLED ZERO EDITION
",6.2kg,200*200,
G50 ZERO EDITION,8.9kg,200*200,
G50 QLED ZERO EDITION,8.9kg,200*200,
G55 ZERO EDITION,11.5kg,200*200,
G55 QLED ZERO EDITION,"11,5kg",200*200,
G65 ZERO EDITION,17.1kg,300*200,
G65 QLED ZERO EDITION,17.1kg,300*200,
G75 QLED ZERO EDITION,28.5kg,600*300,
G86 QLED  ZERO EDITION,40.5kg,600*400,
E6501UHD,18.3kg,300*200,
E6500UHD,20.5kg,300*200,
E6503HDR,20.5kg,300*200,
S6501KU,17.1kg,300*200,
S6511KU,17.1kg,300*200,
S6503KU,20.5kg,300*200,
S6530GG,20kg,400*200,
S6520GG,18kg,400*200,
S6501KU ELED,21.8kg,400*200,
S6503KU WIFI EASEL,20.5kg,200*200,
60A6G,14.7kg,200*300,
S6570KU,23.3kg,400*300,
E5500UHD ZeroBezel,12.1kg,200*200,
E5501UHD HDR,12.1kg,200*200,
S5501KU ZeroBezel,11.5kg,200*200,
S5530GG,14.5kg,400*200,
S5511KU,11kg,400*300,
S5520GG,12.6kg,200*200,
55U7G ULED,15kg,300*200,
55A6G,11.5kg,200*300,
55U7GFSM77,15kg,300*200,
E4301FC,7kg,400*200,
E4300UHD,6kg,200*200,
E5000UHD,10.3kg,200*200,
S4301FKU,7kg,200*200,
S4301KU,7kg,200*200,
S4311KU,7kg,300*300,
S5001KU,8.9kg,200*200,
S5011KU,9.5kg,200*200,
E3200HC,3.8kg,200*100,
E3201FC,3.9kg,100*100,
E4000FC,6kg,200*200,
S4001KU,5.2kg,200*200,
S2401KU,2.2kg,75*75,
S3201KU ,3.6kg,200*100,
S3201FKU,3.6kg,200*100,
M240F,3kg,75*75,
M270F,3.78kg,100*100,
S8611KU,46.5kg,600*400,
UC552QLED,12.7kg,200*200,M6 50mm
UC652QLED,19.2kg,400*200,M6 50mm
UC432QLED,7.7kg,200*200,M6 30mm
UC752MLED,33.7kg,600*400,"상단 M6 35mm
하단 M6 25mm"
UC652MLED ,23.5kg,500*300,M6 35mm
AU753QLED,26.5kg,400*200,M8 18mm
AU853QLED,39.1kg,600*400,M8 30mm
UC100QLED,71.9kg,800*400,M8 26mm
UC75QLED ,27.8kg,600*400,"상단 M6 30mm
하단 M6 25mm"
UC65QLED,18.3kg,400*200,M6 30mm
UC50QLED,9.3kg,200*200,"상단 M6 25mm
하단 M6 15mm"
UC55QLED,11.6kg,200*200,"상단 M6 25mm
하단 M6 15mm"
UC861UHD,42kg,600*400,M6 20mm
UC751UHD,28.8kg,600*400,"상단 M6 35mm
하단 M6 25mm"
UC701UHD ,21.5kg,500*300,M6 30mm
UC651UHD,17.8kg,400*200,"상단 M6 28mm
하단 M6 18mm"
UC501UHD ,8.9kg,200*200,M6 15mm
UC431UHD,6kg,200*200,M6 15mm
UC551UHD,10.5kg,200*200,M6 15mm
AN400FHD,5.8kg,200*200,"상단 M6 20mm
하단 M6 10mm"
AN320FHD,3.9kg,200*200,M6 10mm
AN853UHD,37.5kg,600*400,M8 30mm
AU553QLED,12.8kg,200*200,"상단 M6 15mm
하단 M6 10mm"
AU653QLED,18kg,300*200,M6 15mm
AU433QLED,7.3kg,200*200,"상단 M6 20mm
하단 M6 10mm"
AN753UHD,26.3kg,400*200,M8 18mm
AN653UHD,18kg,300*200,M6 15mm
AN433UHD,7.3kg,200*200,"상단 M6 20mm
하단 M6 10mm"
AN553UHD,12.8kg,200*200,"상단 M6 15mm
하단 M6 10mm"
AN503UHD,9.1kg,200*200,"상단 M6 15mm
하단 M6 10mm"
AU503QLED,9.1kg,200*200,"상단 M6 15mm
하단 M6 10mm"
UA981UHD,54.6kg,900*400,M8 16mm
UG981QLED,59kg,800*400,M8 16mm 6pcs
NA862UHD,36.3kg,500*300,"up side : M8 / 
down side : M8"
UA851UHD,36.8kg,600*400,M8 20mm
NA861QLED,36.3kg,500*300,"up side : M8 20mm / 
down side : M8 20mm"
UA851QLED,36.8kg,600*400,M8 20mm
UG851QLED,43kg,500*200,M8 16mm 4pcs
C751UHD,25.5kg,400*200,M8 12mm
NA552UHD,28.68kg,500*300,"up side : M8 / 
down side : M8"
UA751UHD,25.5kg,400*200,M8 12mm
NA751QLED,26.68kg,500*300,"up side : M8 20mm / 
down side : M8 20mm"
UA751QLED,25.5kg,400*200,M8 12mm
UG751QLED,29.3kg,400*300,M6 15mm 4pcs
NA652UHD,15.9kg,300*300,"up side : M6 /
down side : ST6"
UA651UHD,18.5kg,300*200,M6 10mm
NA651QLED,15.9kg,300*300,"up side : M6 20mm /
down side : M6 6mm"
UA651QLED,18.5kg,300*200,M6 10mm
UG651QLED,20.1kg,400*300,M6 12mm 4pcs
NA552UHD,11.8kg,300*300,"up side : M6 /
down side : ST6"
UA551UHD,12.6kg,200*200,M6 10mm
NA551QLED,11.8kg,300*300,"up side : M6 20mm /
down side : M6 6mm"
UA551QLED,12.6kg,200*200,M6 10mm
UG551QLED,15.2kg,300*200,M6
UA501QLED,9.7kg,200*200,M6 10mm
UA501UHD,9.7kg,200*200,M6 10mm
UA431UHD,7.2kg,200*200,M6 10mm
NA432UHD,6.8kg,300*300,"up side : M4 /
down side : ST4"
C431FHD,6.7kg,200*200,M6 15mm
NA431QLED,6.5kg,200*200,"M6 16mm 2pcs, 
M6 10mm 2pcs"
UA431QLED,7.5kg,200*200,M6 10mm
NA431FHD,6.5kg,200*200,"M6 16mm 2pcs, 
M6 10mm 2pcs"
T40G7NCF,5.7kg,200*200,M6 23mm
NA401QLED,5.7kg,200*200,M6 23mm
LXZ40G5N-UAT,5.7kg,200*200,"M6 16mm 2pcs, 
M6 10mm 2pcs"
NA321FHD,4.1kg,200*200,M6 10mm
NA321QLED,4.1kg,200*200,M6 10mm
C321FHD2020,4.1kg,200*200,M6 10mm
TN32H-NVN211K,3.8kg,75*75,M6
EKW24FMA11,2.4kg,75*75,
EKW27FAM11,3.41kg,100*100,
EKW271FAM11,3.41kg,100*100,
QWGE65UT1,18.5kg,400*200,
QWGE75UT1,30kg,400*200,
WV320HD-S01,3.5kg,100*100,M6*L8
WV220FHD,2.5kg,100*100,
WV320FHD-S01,3.5kg,100*100,
EKW40FT1,5.6kg,200*200,M6*L8
WV400FHD-S01,5.6kg,200*100,
EKW43FT1,6.5kg,200*200,M6*L8
GlassWV43FT1,8kg,200*200,
WVH430UHD-E01,6.5kg,200*200,
EKW50UT1,9.1kg,200*200,M6*L8
EKW55UT1,11.5kg,200*200,
EKW58UT1,14.5kg,200*200,
EKW65UT1,20.7kg,400*200,
EKW75UT1,30kg,400*200,
WVH860UHD-S01,44.3kg,600*600,
EKW32HA11,3.5kg,100*100,
EKW40FA11,5.566kg,200*200,
EKW43FA11,6.5kg,200*200,
GTWV43UHD,7kg,200*200,
WGE50UT1,12.5kg,200*200,
WGE55UT1,11.5kg,200*200,
WGE65UT1,18.5kg,400*200,
WGE75UT1,30kg,400*200,
GTWV75UHD-E1,31kg,400*200,
GTWV320HD11,3.5kg,100*100,M6*L8
GTWV400FHD11,5.66kg,200*200,M6*L8
GTWV430FHD11,6.5kg,200*200,M6*L8
WVH650UHD-E01,20.7kg,400*200,
WVH750UHD-E01,31kg,400*200,
GTWV50UHD-E1,10kg,200*200,
GTWV65UHD-E1,18.5kg,400*200,
GTWV55UHD,12.5kg,200*200,
85C755,37kg,600*400,"M8*20 4pcs, M6*12 2pcs"
75C755,29.4kg,400*400,M6*20 4pcs
65C755,20.2kg,300*300,M6*18 4pcs
55C755,13kg,400*300,"M6*18 2pcs, M6*12 2pcs"
98P755,54.5kg,500*600,M8*16
85C845,40.1kg,600*400,M8*20
75C845,32.6kg,400*400,M6*20
65C845,23kg,400*400,M6*20
55C845,16.7kg,300*300,M6*20
75C745,23.7kg,400*400,
65C745,19.8kg,300*300,
55C745,13.2kg,400*300,
85C645,35.8kg,600*400,M8*20
75C645,23.5kg,300*300,M6
65C645,15.3kg,300*300,M6
55C645,11kg,200*300,M6
50C645,9.1kg,200*200,M6
43S5400A,5.73kg,100*100,M6*12
40S5400A,5.28kg,100*100,M6*12
32S5400A,3.44kg,100*100,M4*10
75C835,36.8kg,400*400,
65C835,23kg,400*400,
55C835,16.7kg,300*300,
75C635,29kg,400*300,
65C635,18.2kg,300*300,
55C635,12.1kg,300*300,
50C635,10.37kg,300*300,
75Q72,30.6kg,400*300,M6*23 
65Q72,19.3kg,300*300,M6*12
55Q72,12.9kg,300*300,M6*12
85P735,36kg,600*300,M8*20
75P735,21.3kg,300*300,M6*23
65P735,14kg,200*200,M6*12
55P735,10kg,200*200,M6*12
50P735,8.3kg,200*200,M6*12
43P735,6.2kg,200*200,M6*12
85T72,46.6kg,600*400,M8*20
75T72,26.4kg,300*300,M6*16
65T72,17.2kg,300*300,M6*12
55T72,11kg,200*300,M6*12
50T72,9.3kg,200*300,M6*12
43S615,6.7kg,200*200,
40S615,6.5kg,100*100,
32S615,3.54kg,100*100,
32L6500,3.8kg,100*100,M4*8 / 8
32D3100,3.8kg,100*100,M4*8 / 12
75P736,21.3kg,300*300,M6*23
65P736,14kg,200*200,M6*12
55P736,10kg,200*200,M6*12
50P736,8.3kg,200*200,M6*12
43P736,6.2kg,200*200,M6*12
AI32G,4kg,200*100,M4
AI40G,6.4kg,200*100,M6
AI43G,7.5kg,300*300,M6
AI50G,11.6kg,400*300,M6
AI55G,13.4kg,400*300,M6
AI65G,18.3kg,400*300,M6
AI75G,25.6kg,400*300,M6
MX32F,3.5kg,200*100,M4
MX32H,3.5kg,200*100,M4
MX40F,5.5kg,200*100,M6
MX43F,6.97kg,400*200,M6
UHD43S,6.7kg,300*300,M6
UHD50L,12.6kg,400*300,M6
UHD55L,15.5kg,400*300,M6
UHD65L,17.53kg,300*200,M6
50PUN7645,11.5kg,200*200,M6
55PUN7645,12kg,200*200,M6
50PUN7986,12.3kg,200*300,M6
55PUN7986,14.4kg,200*300,M6
65PUN7986,21.5kg,300*300,M6
70PUN7986,25.2kg,300*300,M8
75PUN7986,32.8kg,300*300,M8
50PUN8808,15.8kg,200*300,M6
55OLED708,17.5kg,300*300,M6
65OLED708,23kg,300*300,M6
DS3201L,3.9kg,75*75,
DS4001L,5.8kg,75*75,
DS4301L,7.5kg,200*200,M6
DS5001L,9.9kg,75*75,
DS5501L,12.9kg,200*200,M6x25~30
DS5501L,cs,400*400,M8
DS6501L,16.7kg,300*200,
DS7001L,cs,400*400,M8
DS9801L,65.6kg,1000*400,
UV430,7.5kg,200*200,M6x16
UV650,18.3kg,200*200,M6x25~30
QV650,18.3kg,400*200,M6x16
QV750,23kg,400*300,
NF32,3.6kg,100*100,
NF40,5kg,200*200,
NF43,5.9kg,200*200,
N86,45kg,600*600,
N75,23.6kg,400*300,
N65,18.1kg,400*400,M6
N55,11.1kg,200*200,M6x10
N50,9.8kg,200*200,M6x10
N43,6.1kg,200*200,M6x10
VF40,5.66kg,200*200,M6
VF43,7.5kg,200*200,"상 M6*16
하 M6*12"
V320,3.6kg,200*100,M6x10
V430,7.5kg,300*300,M6x10
D2801L,cs,100*100,M4 스크류 X 6
K403683,5.7kg,200*200,M5x10
K493683UT,cs,200*200,M6스트류x10
D5001L,9.1kg,400*200,M6
K553683UT,cs,400*200,M6스트류x10
D5801L,cs,400*200,M6스트류x10
K653683UT,cs,400*200,M6스트류x12
D7501L,35kg,600*400,M8x12~15
D8201L,cs,600*300,M8x10
D8601,cs,600*600,M10스트류x10
D6501L,16.7kg,300*200,
D9801L,58kg,900*400,M8x20
D5501L,12.9kg,200*200,
V825L,45kg,400*200,M6x20
UL325,7.15kg,100*100,M4*10
UL325UHD,7.15kg,100*100,M4*10
KS3201S,4.8kg,100*100,
KS2201S,2.3kg,100*100,
KS2401S,3kg,100*100,
KS2701S,4.25kg,100*100,
GL32QHD,7.15kg,100*100,M4*10
GL32UHD,7.15kg,100*100,M4*10
UL325UHD,7.15kg,100*100,M4*10
GL27QHD,4.2kg,100*100,M4*10
GL32F,6.3kg,100*100,M4*10
GL27F,5kg,100*100,M4*10
V27,3.78kg,100*100,M4*8
V24,3kg,75*75,
DT240MA,3kg,75*75,
ITV-MSU4311,7.3kg,200*100,
ITV-MRU4311,7.2kg,300*300,
ITV-MCU5511,11kg,400*300,
ITV-MA7511,23kg,400*300,
ITV-MA6511,18.3kg,400*200,
ITV-KF4301,6.6kg,400*200,
ITV-MA501,14kg,200*200,
ITV-KF5501,12.8kg,cs,
T4303KUG,6.6kg,400*200,"상 : M6x45
하 : ST6x23"
T5503KUG,11.3kg,400*200,"상 : M6x45
하 : ST6x23"
T5003KUG,10.8kg,300*300,"상 : M6x45
하 : ST6x23"
T6503KUG,14.7kg,300*300,"상 : M6x45
하 : ST6x23"
T8602KUG,36.3kg,500*300,"상 : M8x20
하 : M8x20"
T7502KUG,28.7kg,500*300,"상 : M8x20
하 : M8x20"
T32GFSKH01LA,4kg,200*200,"상 : M4x8
하 : ST4x7"
T3203KHG,4kg,200*200,"상 : M4x8
하 : ST4x7"
T4003KFG,5.5kg,200*200,"상 : ST4x25
하 : ST4x25"
T650TUA,19kg,400*200,"상 : M6x29
하 : M6x29"
T65F00KU01LN,16.4kg,300*200,"상 : M6x45
하 : ST6x23"
UGP752 ,24kg ,400*300,M8x18
UGP862,44kg ,600*600,M8x18
UGP432,6kg,200*200,M6x8
UGP552,13kg,200*200,M6x10
UGP652,20kg,400*400,M6x10
UGM552,13.1kg,400*300,M6x10
QGM552,13.1kg,400*300,M6x10
QGM752,24kg,400*300,M6x10
QGM502,11.3kg,400*300,M6x10
UGM752,24kg,400*300,M6x10
UGM652,18kg,400*300,M6x10
UGM502,11.3kg,400*300,M6x10
UGM432,7kg,300*300,M6x10
WM UN650,18.5kg,400*200,M6x10
WM E750,31kg,400*200,M6x10
FS240DK,4kg,100*100,M6x10
WM 650 QLED UHD,18kg,400*200,M6x10
H320TA,4kg,100*100,M6x10
WM F430 FHDTV MAX,6.3kg,200*200,M6x10
WM F400 FHDTV MAX,5.45kg,200*200,M6x10
ZEN U430 UHDTV MAX HDR,6.3kg,200*200,M6x10
WM U500 UHDTV MAX HDR,8.5kg,200*200,M6x10
ZEN U550 UHD TV MAX HDR,11kg,200*200,M6x10
ZEN U650 UHD TV MAX HDR,18kg,400*400,M6x10
ZEN U750 UHDTV Max HDR,25kg,400*300,M6x10
WM U850 UHDTV MAX HDR,36.5kg ,600*400,M6x10
Artview 860 HDR,43kg,600*600,M6x10
WM U980 UHDTV MAX i20 HDR,53kg,900*400,M8x20
"Artview 400 5K NANO IPS HDR Curved	",9kg,100*100,M6x10
Artview FHD240 TOUCH,3.5kg,100*100,M6x10
Artview FHD220 TOUCH,3kg,100*100,M6x10